<?xml version="1.0" encoding="UTF-8"?>
<project-private xmlns="http://www.netbeans.org/ns/project-private/1">
    <editor-bookmarks xmlns="http://www.netbeans.org/ns/editor-bookmarks/2" lastBookmarkId="0"/>
    <open-files xmlns="http://www.netbeans.org/ns/projectui-open-files/2">
        <group>
            <file>file:/C:/xampp/htdocs/FacultyIndustrialVisit/login.php</file>
            <file>file:/C:/xampp/htdocs/FacultyIndustrialVisit/home.php</file>
            <file>file:/C:/xampp/htdocs/FacultyIndustrialVisit/checklogin.php</file>
            <file>file:/C:/xampp/htdocs/FacultyIndustrialVisit/index1.php</file>
            <file>file:/C:/xampp/htdocs/FacultyIndustrialVisit/checkindex.php</file>
        </group>
    </open-files>
</project-private>
